gml_id,ust_katego,alt_katego,ad,resim,detay,geojson
bursa_tarihimekanlar.1,KÜLTÜR - TURİZM,TARİHİ KÜLTÜREL MEKANLAR,MURADİYE CAMİİ,"/src/assets/muradiye.png","Bursa Muradiye Camii, 15. yüzyılın ilk yarısında Bursa'da Osmanlı padişahı II. Murad tarafından yaptırılmış cami.
Bursa’da Osmanlı padişahları adına yapılan camilerin sonuncusudur. Caminin dış cephesindeki taş ve tuğla işçiliği, kündekari tekniğiyle yapılmış ahşap kapısı, iç mekanlardaki İznik çinileri ve Edirnekâri tavan süslemeleri sanat tarihi açısından önem arz eder.","{""type"":""Point"",""coordinates"":[29.046993381,40.192169921]}"
bursa_tarihimekanlar.2,KÜLTÜR - TURİZM,TARİHİ KÜLTÜREL MEKANLAR,HAMZABEY CAMİİ,"/src/assets/hamzabey.jpg","Çelebi Sultan Mehmet’in baş vezirliğini yapan, Fatih Sultan Mehmet’in elçisi olarak gittiği Romanya’da şehit olan Hamza Bey tarafından yaptırılmıştır. Fatih devrinde mescit olarak yapılmış, 1614 yılında kazasker Muallim Zade Ahmet Efendi tarafından minber konulması ile camiye dönüştürülmüştür. 1826 ve 1854 yıllarında meydana gelen depremler nedeniyle tamirat görmüş, Fatih devrinde Bursa’da yapılan eserlerin en büyüğü ve en önemli külliyesidir. Medresesi ve imareti bugün mevcut değildir. Caminin duvarları üç sıra tuğla, bir sıra taş örülmüş; taş aralarına dikey tek tuğla konmuştur. Büyük kubbe kasnağı tuğladan, kanat kubbelerinin kasnakları; duvarlarda olduğu gibi taş aralarına ikişer, üçer dikey tuğla yerleştirilerek örülmüştür. Güney duvarındaki pencere kemerleri testere dişi formunda, tuğla malzeme ile yapılmıştır. Duvarlar üç, kubbeler iki sıra kirpi saçaklıdır. Kaidesi üç sıra tuğla, bir sıra kesme taş ile örgülü olan minareye son cemaat yerinin doğusundaki yer alan bir kapıdan çıkılmaktadır. Üçgen satıhlarla, silindirik tuğla gövdeye geçişin sağladığı minare, sonradan camiye eklenmiş ve kaideden şerefeye kadar tamir edilmiştir.","{""type"":""Point"",""coordinates"":[29.042199313,40.193258508]}"
bursa_tarihimekanlar.3,KÜLTÜR - TURİZM,TARİHİ KÜLTÜREL MEKANLAR,ULU CAMİ,"/src/assets/ulucamii.jpg","Bursa Ulu Cami, Orhan Gazi Parkı'nın bulunduğu geniş bir alana, Yıldırım Bayezid zamanında, 1396-1400 yılları arasında yapılmıştır. Osmanlı camileri arasında çok kubbeli anıtsal yapıların ilkidir. Ulu Cami’nin on iki büyük dört köşeli paye üzerine oturan yirmi kubbesi bulunmaktadır. Yıldırım Bayezid’in 1396 Niğbolu zaferinden sonra Ulu Cami inşaatına başlanmıştır. Caminin inşaatı bittikten sonra ilk namazı,  aralarında Yıldırım Bayezid, Molla Fenari, Emir Sultan’ın  da olduğu cemaate Somuncu Baba kıldırmıştır. Ulu Cami’nin ilk imamı, Mevlid’in yazarı Süleyman Çelebi'dir.","{""type"":""Point"",""coordinates"":[29.062311525,40.184736569]}"
bursa_tarihimekanlar.4,KÜLTÜR - TURİZM,TARİHİ KÜLTÜREL MEKANLAR,BALİBEY HAN,"/src/assets/balibey.jpg","15. yüzyıl sonlarında Fatih Sultan Mehmet döneminin, Niğbolu Sancak Beyi Hamza Beyin oğlu, Bali Bey tarafından yaptırılan han, Osmanlı İmparatorluğu'nun ilk üç katlı hanı olma özelliği taşınmaktadır. Kapalı Çarşı'daki ticari faaliyet için kent dışından gelen kafilelere hizmet etmesi amacıyla, çarşının karşısında bulunan bir alan üzerine yaptırılan hanın içerisinde 64 oda bulunmaktadır. Bali Bey Han'ın 1950'li yıllarda bazı bölümlerinin sığınak, 1970'li yıllarda ise bir bölümünün kahvehane olarak kullanıldığı bilinmektedir. Bali Bey Han restore edildikten sonra 2008 yılının Mart ayında kent ile buluşturulmuştur.","{""type"":""Point"",""coordinates"":[29.059058481,40.185894374]}"
bursa_tarihimekanlar.5,KÜLTÜR - TURİZM,TARİHİ KÜLTÜREL MEKANLAR,PİRİNÇ HAN,"/src/assets/pirinçhan.jpg","Pirinç Han, II. Beyazıt tarafından, 1508 yılında, İstanbul'daki cami ve imaretine gelir sağlamak amacıyla yaptırılmıştır. Pirinç Hanın mimarları; Sultan Şah oğlu Yakup Şah bin Sultan Şah ve Abdullah oğlu Ali'dir. 1855 depreminde zarar gören han, uzun süren restorasyon sonrasında 2002 yılında alışveriş merkezi olarak açılmıştır. İki katlı olan Hanın üst katında 40, alt katında 38 olmak üzere 78 odası vardır.","{""type"":""Point"",""coordinates"":[29.06061906,40.186675566]}"
bursa_tarihimekanlar.6,KÜLTÜR - TURİZM,TARİHİ KÜLTÜREL MEKANLAR,EMİR HAN,"/src/assets/emirhan.jpg","Orhan Bey tarafından Bursa’nın fethinden sonra yaptırılan Emir Han, Ulu Camii’nin kuzeydoğusundadır. 1522 yılına kadar Bezzaziye Hanı, Eski Bezazistan veya Bey Hanı da denilen han; nihayetinde Emir Bey Hanı ismini almıştır. Çeşitli devirlerde yangın ve depremlerle zarar gören han, 1958 yangınından sonra yeniden onarılmıştır. Kesme taş ve tuğla ile yapılmış iki katlı hanın odalarının önü revaklıdır. Alt katlar eşya depoları olarak yapılmış olup, üst kattaki odalar pencereli ve ocaklıdır. Hanın alt katında 36, üst katında 37 olmak üzere toplamda 73 odası bulunmaktadır.","{""type"":""Point"",""coordinates"":[29.06266318,40.185483991]}"
bursa_tarihimekanlar.7,KÜLTÜR - TURİZM,TARİHİ KÜLTÜREL MEKANLAR,FİDAN HAN,"/src/assets/fidanhan.jpg","Fatih Sultan Mehmet'in Sadrazamı Mahmut Paşa tarafından yaptırılan han, Mahmut Paşa veya Fidan Han olarak da bilinmektedir. İki katlı ve odalarının önü revaklı hanın avlusunda 12 köşeli bir şadırvanın üzerinde 12 köşeli mescit bulunmaktadır. Bursa’nın merkezinde açık çarşı içinde bulunan Han, son yıllarda restorasyonu yapılarak içinde barındırdığı dükkanlarla hizmete açılmıştır. Han'ın avlusu çay bahçesi olarak kullanılmaktadır.","{""type"":""Point"",""coordinates"":[29.064449413,40.186072868]}"
bursa_tarihimekanlar.8,KÜLTÜR - TURİZM,TARİHİ KÜLTÜREL MEKANLAR,GEYVE HAN,"/src/assets/geyve.jpg","Lonca Hanı diye de bilinen Han, Hacı İvaz Paşa tarafından XV. yüzyılda yaptırılıp, Yeşil Cami'ye gelir temin etmek için Sultan I. Mehmet’e hediye edilmiştir. Demirkapı Çarşısı'nın içinde bulunmaktadır. İki kapısı bulunan hanın batıdaki kapısının tam karşısında mescit bulunmaktadır. İki katlı olan Hanın alt katında 26, üst katında 30 olmak üzere 56 odası vardır. Han, tuğla ve moloz taş ile inşa edilmiştir.","{""type"":""Point"",""coordinates"":[29.063349974,40.186106866]}"
bursa_tarihimekanlar.9,KÜLTÜR - TURİZM,TARİHİ KÜLTÜREL MEKANLAR,ORHAN BEY CAMİİ,"/src/assets/orhanbeycamii.jpg","1326 Yılında Orhan Gazi Bursa’yı aldığında kent, Kale içindeki yerleşmeden ibaretti. Daha sonraki Osmanlı sultanlarının da benimsediği bir kentleşme modeli ilk kez Sultan Orhan tarafından 1339 yılında uygulanmış ve kent duvarlarının dışında, o dönemde Çakır hamam’dan Set başına kadar uzanan geniş Gökdere yatağının fundalık ve bataklık zemininde cami, medrese, imaret, hamam ve handan (bedesten) oluşan bir külliye yaptırılmıştır. Ters T planlı camilerden olan Orhan Camisi’nin giriş eyvanın üzeri ufak bir kubbeyle, eyvanın iki yanında odaların üzeri ise tonozla örtülüdür. Cami’nin ana ibadet mekanının üzerinde sekizgen kasnağa oturan iki kubbe ile yandaki eyvanların üzerinde daha küçük kubbeler bulunmaktadır. Duvarları üç sıra tuğla ve bir sıra kesme taş ile örülen son cemaat bölümünün önünde kesme taştan yapılmış altı adet ayak, sivri tuğla kemerlerle birbirine bağlanmıştır. Son cemaat yerinin yan cephelerinde ise ana kemerin ortasında, Bizans taklidi başlıkları olan birer sütun kullanılarak ikişer kemer elde edilmiştir. Son cemaat yerinin üzeri ortada üç kubbe, iki yandan tonozla örtülüdür.","{""type"":""Point"",""coordinates"":[29.064440027,40.18478764]}"
bursa_tarihimekanlar.10,KÜLTÜR - TURİZM,TARİHİ KÜLTÜREL MEKANLAR,YEŞİL TÜRBE,"/src/assets/yesil.jpg","Yeşil Külliye’sinin kuşkusuz en tanınmış yapısı Çelebi Mehmed için yaptırılan ve cephelerini süsleyen yeşil, turkuaz kabartma çinilerin rengiyle anılan Yeşil Türbe’dir. Yıldırım Beyazid’in oğlu, Osmanlı padişahlarının beşincisi Çelebi Mehmed tarafından 1421 yılında yaptırılmıştır. Yeşil Türbe, Yeşil Külliye içerisinde bulunan Yeşil Cami’nden yüksektedir. Bu alışıla gelmiş bir durum değildir. Yeşil Türbe’nin Yeşil Cami’den yüksek olmasının sebebi, Osmanlı'nın zor döneminde dosta düşmana karşı “ayaktayız” mesajını vermek içindir. Timur yenilgisi ve kardeşler arasındaki iktidar mücadelesi sonrası Çelebi Mehmed’in Osmanlı’nın yıkılmadığını ve eskisinden daha parlak eserler yapabileceğini göstermek amacıyla Yeşil Türbe gösterişli yapılmıştır. Mimarı Hacı İvaz Paşa’dır. Nakkaşları Ali bin İlyas Ali, Mahmud el Mecnun ve Ali bin Hacı Ahmed Tebrizi’dir.","{""type"":""Point"",""coordinates"":[29.075370664,40.182391592]}"
bursa_tarihimekanlar.11,KÜLTÜR - TURİZM,TARİHİ KÜLTÜREL MEKANLAR,EMİRSULTAN CAMİİ,"/src/assets/emirsultan.jpg","Emir Sultan Camisi, Bursa’nın doğusunda Uludağ eteklerindeki bir tepenin üzerinde, 15'inci yüzyıl başında, Yıldırım Bayezıt’ın kızı ve Emir Sultan’ın eşi Hundi Hatun tarafından, Emir Sultan’ın vefatı üzerine yaptırılmıştır. 15.20 x 15.20 metre boyutlarında olan ve duvarları kesme taş ve tuğla ile örülen Cami’nin kuzeydoğu ve kuzeybatı köşelerinde kesme taştan iki minaresi bulunmaktadır.","{""type"":""Point"",""coordinates"":[29.081528573,40.182095121]}"
bursa_tarihimekanlar.12,KÜLTÜR - TURİZM,TARİHİ KÜLTÜREL MEKANLAR,EMİRSULTAN TÜRBESİ,"/src/assets/emirsultanturbesi.jpg","Emir Sultan'ın eşi Hundi Fatma Sultan tarafından yaptırılan Emir Sultan Camisi'nin avlusunda bulunan türbe zamanla harap olmuş, Sultan II. Abdülhamid'in şehzadeliği sırasında 1868'de yenilenmiştir. Türbenin sekiz köşeli bir planı olup, üzerini yüksek bir kasnağın taşıdığı kubbe örtmektedir. Camiye bakan pencerelerden biri üzerinde h.1285 (1868) tarihli onarım kitabesi dikkati çekmektedir. İçeride, ortada Sultan Yıldırım Beyazid'in damadı Halveti şeyhi Emir Sultan'ın parmaklıklarla çevrili sandukası, yanında ise oğlu Emir Ali Çelebi ile Hundi Sultan'ın ve iki kızının sandukaları bulunmaktadır.","{""type"":""Point"",""coordinates"":[29.08139666,40.182432417]}"
bursa_tarihimekanlar.13,KÜLTÜR - TURİZM,TARİHİ KÜLTÜREL MEKANLAR,EMİRSULTAN HAMAMI,"/src/assets/emirsultanhamami.jpg","Emir Sultan Hamamı , Yıldırım Beyazıt’ın kızı,Emir Sultan’ın karısı Hindu Sultan tarafından 1426 yılında Bursa’nın Emir Sultan semtinde yaptırılmıştır. Bu hamam Emir Sultan Camii’sinin güneyinde yer almaktadır. Hamam dikdörtgen planındadır fakat soğukluğu karedir.İlk yapıldığında soğukluğun üzerinde kubbe vardır. Fakat daha sonra bu bölüm düz bir çatı haline getirilmiştir.Soğukluktan kare planlı üzeri kubbeli bir bölümden ılıklığa geçilmektedir. Ilıklığın çevresinde iki halvet hücresi ile hela vardır. Buradan da üç eyvanlı ve iki halvetli sıcaklık bölümüne geçilmektedir. Göbek taşının bulunduğu sıcaklığın üzeri de kıvrımlı bir kuşağın bulunduğu bir kasnak ve kubbe ile örtülmüştür.Bu hamam  1622, 1670 ve 1712 yıllarında onarılmıştır.","{""type"":""Point"",""coordinates"":[29.081588387,40.181690933]}"
bursa_tarihimekanlar.14,KÜLTÜR - TURİZM,TARİHİ KÜLTÜREL MEKANLAR,YEŞİL HAMAMI,"/src/assets/yesilhamami.jpg","Yeşil Caddesi üzerinde, türbenin batısında yer alan hamam, bugün yıkılmış bulunan Yeşil Medresesi'ne gelir olarak yaptırılmıştır. Fatih döneminde Sofu Bedreddin, Köse, Türbedar Köse Ali Paşa adları ile anılan bir zat tarafından yaptırılmıştır. Tek hamam sınıfındandır, soğukluk bölümünün üzeri tek kubbe ile örtülüdür. Ortada sekizgen mermer havuz yer alır. Buradan ılıklığın sağında kare bir mekan, solunda ise helalar bulunmaktadır. Ilıklıktan sıcaklık bölümüne geçilir. Duvarların önünde sekiz adet kurna yerleştirilmiştir. Hamamın mülkiyeti şaha aittir. Günümüzde turistlere yönelik hediyelik eşyaların satıldığı iş yeri olarak kullanılmaktadır.","{""type"":""Point"",""coordinates"":[29.074586473,40.182377254]}"
bursa_tarihimekanlar.15,KÜLTÜR - TURİZM,TARİHİ KÜLTÜREL MEKANLAR,HAMZABEY TÜRBESİ,"/src/assets/hamzabeyturbesi.jpg","Hamzabey Camii'nin yanında olan türbe 15. yüzyılda yaptırılmıştır. Sekizgen bir plan üzerine oturtulan yapının duvarları taş ve tuğla ile örülmüştür. Türbede, 1461 yılında yaşamını yitiren Hamza Bey’in mezarı dışında, üzeri sıva ile örtülmüş 12 adet sanduka vardır.","{""type"":""Point"",""coordinates"":[29.041922049,40.193281733]}"
bursa_tarihimekanlar.16,KÜLTÜR - TURİZM,TARİHİ KÜLTÜREL MEKANLAR,ORHANGAZİ TÜRBESİ,"/src/assets/orhangaziturbesi.jpg","Osmangazi’nin oğlu ve Osmanlı Devleti'nin ikinci padişahı olan Sultan Orhan 1281-1362 yılları arasında yaşamıştır. Yaşadığı dönemde Bursa ve çevresini Bizanslılar'dan almış devlet teşkilatlarını oluşturmuş ve il Osmanlı parasını bastırmıştır. Orhangazi Türbesi Hisar Semti'ndeki Tophane Parkı'nda Bursa'nın fethinden önce şehrin metropolit manastırı olarak kullanılan Sainte Elie Manastırı'nın bir bölümü üzerine inşa edilmiştir. Osmangazi Türbesi'nin tam karşısında bulunan türbe Sainte Elie Manastırı'nın zemin mozaikleri üzerine inşa edilmiştir. Kare planlı olarak yapılan türbenin her cephesinde üçer pencere bulunmaktadır. İç duvarları beyaz badanalı olup pencerelerin üzerinde alınlık şeklinde sade süslemeler bulunmaktadır. Ortada kubbenin altında bulunan sanduka Orhangazi'ye aittir. Sanduka’nın etrafı pirinç bir korkuluklarla çevrilmiştir. Sandukanın üstüne kadife kumaş üzerine gümüş sim ile işlenmiş Hz. Muhammed’e ait hadisin yazılı olduğu örtü bulunmaktadır. Türbenin içinde Orhangazi’nin hanımı Nilüfer Hatun, çocukları ve yakınlarının sandukaları bulunmaktadır.","{""type"":""Point"",""coordinates"":[29.058175281,40.187746227]}"
bursa_tarihimekanlar.17,KÜLTÜR - TURİZM,TARİHİ KÜLTÜREL MEKANLAR,APOLYONT HAN,"/src/assets/apolyonthan.jpg","Pirinç Han’ın kuzeyinde yer almaktadır. Apolyont Han’ın adı, Müftü Suyu vakfiyesin­de geçmektedir. İki katlı olup üst katında 16 oda bulunduğu belirtilmektedir. Yıllarca Uluabat(Apolyont) gölüne ulaşım burdan sağlandığından bu ismi almıştır.","{""type"":""Point"",""coordinates"":[29.060493461,40.187366797]}"
bursa_tarihimekanlar.18,KÜLTÜR - TURİZM,TARİHİ KÜLTÜREL MEKANLAR,TUZ HAN,"/src/assets/tuzhan.jpg",Tuz Hanı'nın Tuz Pazarı Camii'ne gelir getirmesi için Timurtaş Paşa'nın oğlu Umur Bey tarafından 1454-1455 yıllarında yaptırıldığı bilinmektedir. Osmanlı Dönemi planına uygun olarak ortada bir avlu ve çevresi 2 katlı revak biçiminde inşa edilmiş olan tarihi yapı, 2007 yılında restore edilerek hizmete açılmıştır.,"{""type"":""Point"",""coordinates"":[29.066121353,40.185432673]}"
bursa_tarihimekanlar.19,KÜLTÜR - TURİZM,TARİHİ KÜLTÜREL MEKANLAR,KÜTAHYA HAN,"/src/assets/kutahyahan.jpg","Tuzpazarı Caddesi'nde bulunan Çukur Han, Sultan II. Murad döneminde Yıldırım Bayezid'in damadı Buharalı Emir Efendi tarafından yaptırılmıştır. Kesme taş ve tuğladan yapılan bu han da diğer hanlar gibi bir avlu çevresinde iki katlı olup, revak ve odalardan oluşmaktaydı, ancak bu handan günümüze gelebilen kısımları, güney tarafındaki zemin kat odalarından üçü ile batıdaki kapı kemeri merdivenleridir.","{""type"":""Point"",""coordinates"":[29.067828827,40.185800861]}"
bursa_tarihimekanlar.21,KÜLTÜR - TURİZM,TARİHİ KÜLTÜREL MEKANLAR,IRGANDI KÖPRÜSÜ,"/src/assets/irgandikoprusu.jpg","Irgandı Köprüsü Boyacı Kulluğu Köprüsü'nün güneyinde bulunmaktadır. Osmanlıların tek arasta köprüsü olan bu taş köprünün, II. Murad zamanında, 1442 yılında, Irgandı Ali oğlu tüccar Hoca Muslihuddin tarafından, Hacı İvaz Paşa’nın vakfiyesinde şahit gösterdiği Abdullah oğlu Timurtaş’a yaptırıldığı düşünülmektedir. Celali ayaklanmalarının ardından, 1640 yılında Bursa’ya gelen Evliya Çelebi'nin Seyahatname’sinde, köprünün üzerinde 200 dükkanın bulunduğu belirtilmekteyse de gerçekte köprü üstünde her iki tarafta 16 adet olmak üzere 32 dükkanın yapılmış olduğu, bunlardan kuzeydoğu ucundakilerden birinin mescide ayrıldığı, köprüyü taşıyan tek kemerin iki yanında ahır ve depoların bulunduğu bilinmektedir.","{""type"":""Point"",""coordinates"":[29.071187044,40.182880855]}"
bursa_tarihimekanlar.22,KÜLTÜR - TURİZM,TARİHİ KÜLTÜREL MEKANLAR,1.MURAT CAMİİ,"/src/assets/1.muratcamii.jpg","Çekirge semtinde, ovaya hakim bir tepenin üzerinde kurulan caminin 1365-1366 yıllarında yapıldığı bilinmektedir. İki katlı olan binanın üst katında 18 odalı bir medrese bulunmaktadır. Cami ile medresenin birlikte yapılması camiye anıtsal bir özellik katmaktadır. Alt katta iki eyvan ve 6 odası bulunmaktadır. Ters T planı ile yapılan caminin orta kubbesinin altında asıl namaz kılınan yer ve yanlarında birer eyvanla odaları vardır. Caminin içinde tam kubbenin altında bir şadırvan bulunmaktadır. Rum bir mimar tarafından yapıldığı bilinen caminin; taş, tuğla ve devşirme malzemelerle örülen duvarları çok kalındır.","{""type"":""Point"",""coordinates"":[29.021525692,40.203506035]}"
bursa_tarihimekanlar.23,KÜLTÜR - TURİZM,TARİHİ KÜLTÜREL MEKANLAR,YENİ KAPLICA,"/src/assets/yenikaplica.jpg","Kanuni Sultan Süleyman'ın Sadrazamı Rüstem Paşa tarafından 1552 yılında yaptırılan Yeni Kaplıca'nın soğukluk kısmı, birbirinden kemerle ayrılan 12 metre çapında iki kurşun kaplı büyük kubbe ile örtülüdür. Tuvaletlerin açıldığı ılıklık kısmının üzerinde ise tek kubbe ve bunun yanında iki yarım kubbe bulunmaktadır. Sıcaklık kısmı, üzeri bir kubbe ile örtülü sekizgen bir yıldız şeklinde olup, yanlardaki eyvanlar birer kemerle orta mekana açılmaktadır. Yeni kaplıca'da sıcaklık kısmının ortasında büyük bir havuz bulunmaktadır. Sıcak su, aslan ağzı şeklinde bir taştan ufak bir havuza, oradan da büyük bir havuza akmaktadır. Aslan ağzının iki tarafı mozaik, bütün duvarlar ise çini kaplıdır. Çini ve kurnalar Timurtaş Paşa Hamamı'ndan satın alınarak kullanılmıştır. Ilıklık ve sıcaklık arasında, havuza çok sıcak su aktığından "Eşek terleten" adı verilmiştir. Kagir binaya sonradan eklenen ahşap binalarda otel odaları yer almaktadır.","{""type"":""Point"",""coordinates"":[29.038924687,40.199841516]}"
bursa_tarihimekanlar.24,KÜLTÜR - TURİZM,TARİHİ KÜLTÜREL MEKANLAR,YILDIRIM BEYAZIT CAMİİ,"/src/assets/yildirimbeyazitcamii.jpg","Yıldırım Külliyesi'nin ortasında yer alan Yıldırım Cami, 14. yüzyılın sonlarında Yıldırım Bayezid tarafından yaptırılmış olup, zengin taş işçiliği ile kentin en dikkat çeken yapılarındandır. "Ters T" planlı camilerin en özgünü olan Yıldırım Cami'nde süsleme olarak, Bursa tipi kemerlerin çok görkemli biçimde uygulandığı görülmektedir. Yıldırım Cami'nde, giriş eyvanına mukabil yanlarda iki oda olup bu odalara dışarıdan da girilmektedir. Ortada arka arkaya iki kubbe, yanlarda birer eyvan ile birer ocaklı ve küçük pencereli oda bulunur. Cami'ye ayrı bir özellik kazandıran Bursa kemerleri, iki ana kubbeyi birbirinden ayıran büyük kemerde ve pencerelerde kullanılmıştır. Merkez kubbe iç mekana ferahlık veren bir yüksekliğe sahiptir.","{""type"":""Point"",""coordinates"":[29.082987264,40.18847724]}"
bursa_tarihimekanlar.25,KÜLTÜR - TURİZM,TARİHİ KÜLTÜREL MEKANLAR,YILDIRIM BEYAZIT TÜRBESİ,"/src/assets/yildirimbeyazitturbesi.jpg","1402 yılında vefat eden Yıldırım Bayezid, önce Akşehir’de Şeyh Mahmut Hayrani Türbesi'ne, sonradan Bursa’ya getirilerek bu türbeye gömülmüştür. Genel olarak dikdörtgen plan şeması gösteren yapı; kare planlı, tonoz geçişli ve dıştan sekizgen kasnaklı kubbeye sahip olan ana bölmesi ile önünde, üzeri üç kubbeye örtülü bir revaktan oluşmaktadır. Osmanlı Mimarisinde ilk revaklı türbedir.","{""type"":""Point"",""coordinates"":[29.082892808,40.18903166]}"
bursa_tarihimekanlar.26,KÜLTÜR - TURİZM,TARİHİ KÜLTÜREL MEKANLAR,ÜFTADE CAMİİ VE TÜRBESİ,"/src/assets/uftade.jpg","Üftade Camisi 1580 yılında vefat ettiği bilinen Üftade Mahmud Muhiddin tarafından yaptırıldıktan sonra 1855 depreminde zarar görmüş, 1869 yılında Serazkar Rıza Paşa tarafından yeniden yaptırılmıştır. Üsttü üç kubbe ile örtülü olan son cemaat yeri önde üç, yanlarda birer kemerle desteklenmiştir. Asıl ibadet alanına giriş kapısı üstünde, mermerden, küçük boy talik harflerle Türkçe yazılmış, 0,75 x 1,20 metre boyutlarında altı satırlık kitabesi vardır. 13 x 13 metre iç ölçülerinde bulunan caminin üzeri kubbe ve tonozla örtülmüştür. Caminin girişinde üç metre derinliğinde bir son cemaat yeri bulunmaktadır. Duvarları kesme taş ve tuğla ile örülmüştür. Cami çeşitli depremlerde yıkıldığı için, torunu İbrahim tarafından yeniden yaptırılmıştır. 1855 yılında büyük kubbe yıkılmış, son cemaat yerinin kubbe ve kemerleri çatlamıştır. Bu dönemde dört ahşap sütun üzerine sekizgen kasnaklı Bağdadi bir kubbe oturtulmuş, yapının beden duvarlarına bağlanan yuvarlak tonoz ve eliptik kemerler inşa edilmiştir. 1869 yılında yeniden inşa ettirilen kare planlı türbe ise Cami’nin doğusunda bulunmaktadır.","{""type"":""Point"",""coordinates"":[29.058242143,40.18392356]}"
bursa_tarihimekanlar.27,KÜLTÜR - TURİZM,TARİHİ KÜLTÜREL MEKANLAR,ESKİ KAPLICA,"/src/assets/eskikaplica.jpg","Bursa’nın en büyük kaplıcalarından biri olan Eski Kaplıca’nın (Armutlu Hamamı olarak da bilinmektedir) inşa edildiği yerde eskiden Bizanslılara ait bir hamam kalıntısı bulunduğu çeşitli kaynaklar tarafından ifade edilmektedir. I. Murat tarafından 1394 yılında çifte hamam olarak yaptırılan binaya, 1511 yılında II. Bayezıt tarafından soğukluk bölümü ekletilmiştir.","{""type"":""Point"",""coordinates"":[29.023799816,40.203322223]}"
bursa_tarihimekanlar.30,KÜLTÜR - TURİZM,TARİHİ KÜLTÜREL MEKANLAR,HARAÇÇIOĞLU MEDRESESİ,"/src/assets/haraccioglu.jpg","Bursa'nın en eski yerleşim yerlerinden Kavaklı Mahallesi'nde tekke iken daha sonra medreseye dönüştürülen bir yapıdır. Medrese 110 metrekarelik bina ve 115 metrekarelik bahçeden oluşur. Haraççıoğlu Medresesi, Bursa'nın en geniş kütüphanesi olan Orhan Kütüphanesi'nden sonra en zengin kütüphanenin bu kütüphane olduğu ifade edilmektedir. Şu an kitapların önemli bir kısmı Bursa İnebey Yazma Eserler Kütüphanesi Müdürlüğü'ndedir. Bu tarihi medrese binası restore edilerek kültür ve sanat etkinliklerinin düzenlendiği sosyal tesis olarak hizmete girmiştir.","{""type"":""Point"",""coordinates"":[29.057695124,40.184776256]}"
bursa_tarihimekanlar.35,KÜLTÜR - TURİZM,TARİHİ KÜLTÜREL MEKANLAR,BEDESTEN,"/src/assets/bedesten.jpg","Yıldırım Bayezid tarafından 14. yüzyılın sonunda yapılmış olup, Osmanlı İmparatorluğu zamanında yapılan ilk bedestendir. Günümüzde bankaların üstlenmiş oldukları paranın ve değerli eşyaların güvenle saklanması görevi o dönemde bedestenler tarafından karşılanmaktaydı. Bankacılığın ve borsacılığın çekirdeğini oluşturan bu yapı, ülkedeki en değerli mallarının alınıp, satıldığı ve kıymetli eşyaların saklandığı bir yer olarak kullanılmıştır. Ulu Cami'den Kapalı Çarşı'ya giden yolun hemen sağındadır. Günümüzde Kuyumcular Çarşısı olarak kullanılmaktadır. Giriş kapısı üzerinde kabartma olarak kufi ve nesih karışımı ile yazılmış Kelime-i Tevhit kitabesi vardır. "Bazestân" yazısı ise batı kapısı üzerinde yer alır. Bugün bedesten içerisinde 32, dışarısında da 68 dükkan bulunur. Bedesten, Bursa'nın Kapalı Çarşı yangını sırasında (1956) yanmış, kullanılamaz hale gelmiş ve 1960 yılında restorasyon geçirmiştir.","{""type"":""Point"",""coordinates"":[29.06246307,40.186121334]}"
bursa_tarihimekanlar.36,KÜLTÜR - TURİZM,TARİHİ KÜLTÜREL MEKANLAR,BAKIRCILAR ÇARŞISI,"/src/assets/bakircilar.jpg","Ulu Cami'nin kuzey batısında, Kapalı Çarşı'nın batısında yer alan çarşı, Bursa'nın eski çarşılarındandır. İlk yapılışından sonra çeşitli dönemlerde (1760,1958 yılları) yaşanan yangınlardan sonra özgün yapısı ortadan kalkan çarşı, aslı göz önüne alınarak yapılmaya gayret edilmiştir. Günümüzde daha çok havlu, kuyumcu ve hazır giyim esnafı tarafından kullanılmaktadır.","{""type"":""Point"",""coordinates"":[29.060839419,40.185603274]}"
bursa_tarihimekanlar.37,KÜLTÜR - TURİZM,TARİHİ KÜLTÜREL MEKANLAR,ÜFTADE TEKKE CAMİİ,"/src/assets/uftadetekkecamii.jpg","Pınarbaşı Semti’nin Güney yamaçlarında bulunan cami, tekke ve müştemilatı, Üftade Mehmet Muhiddin tarafından 1565 yılında yaptırılmıştır. 9,75 x 9,90 metre iç ölçülerinde olan semahanenin üzeri çatı ile örtülüdür. 6,60 x 6,75 metre iç ölçülerindeki caminin üzeri de çatı ile örtülmüştür. Duvarları üç sıra tuğla ve moloz taşıyla örülmüştür. Önceleri caminin üzerinin büyük bir kubbe ile örtülü olduğuna dair bilgiler mevcuttur. Ahşap olan tavanında güzel süslemeler bulunur. Cami içten ve dıştan sıvalıdır.İçinde yedi fırın bulunan imaret halen sağlamdır. Eskiden bu fırınlarda ekmek pişirilir ve halka yemek dağıtılırdı. 1975-77 yılları arasında onarılmıştır. Caminin ahşap kapı ve pencere kapakları oldukça eski olup, üzerlerinde kalem işi süslemeler ve kabartmalar vardır. Tek şerefeli, sivri külahlı bir minaresi vardır.","{""type"":""Point"",""coordinates"":[29.054700173,40.179064989]}"
bursa_tarihimekanlar.38,KÜLTÜR - TURİZM,TARİHİ KÜLTÜREL MEKANLAR,YILDIRIM MEDRESESİ,"/src/assets/yildirimmedresesi.jpg","1399 tarihinde Yıldırım Bayezıd tarafından yaptırılmış olup, son defa 1948 yılında onarılmıştır. Medrese dikdörtgen bir iç avluya üç taraftan saran revakların arkasında hücreler ile giriş hacmi ve tam karşına gelen kubbeli büyük bir dershaneden oluşan bir plan şeması yansıtmaktadır. Plan olarak diğer medreselere oranla oldukça uzun bir alan üzerine düzenlenmiştir. Taştan inşa edilmiş, üzeri kubbe ile örtülü giriş hacmi dikdörtgen plan göstermektedir. Sağ ve solunda ikişer adet stalaktitli niş bulunur. Giriş kemerinin iki yanında da sütunceler yer alır. 2.79 metre genişliğindeki basık kemerli kapıdan yine üzeri kubbe ile örtülü revaka,ardından da avluya geçilir.","{""type"":""Point"",""coordinates"":[29.082386747,40.18876383]}"
bursa_tarihimekanlar.39,KÜLTÜR - TURİZM,TARİHİ KÜLTÜREL MEKANLAR,SARAYLILAR TÜRBESİ,"/src/assets/saraylilar.jpg","Muradiye camisinin güneydoğusunda bulunan türbenin ne zaman yapıldığına dair herhangi bir yazıtı bulunmamaktadır. Ancak eserin mimari tarzı XV. yy. yapıldığı intibaını vermektedir. Yapımında taş tuğla malzeme bir arada kullanılmıştır. Birbirine sivri kemerler bağlanmış, sekiz ayağın taşıdığı kare alanın üstüne betonla kaplı sivri bir külah örtmektedir. Etrafı tuğla testere dişi ile çevrili kemerler, üç sıra tuğla, bir sıra kesme taş dizisiyle örülmüştür. Yerden 1,00 metre yükseklikte kare tuğla ile kaplanmış zemin üzerinde, kime ait olduğu bilinmeyen iki sanduka yer almaktadır.","{""type"":""Point"",""coordinates"":[29.047483735,40.191887334]}"
bursa_tarihimekanlar.43,KÜLTÜR - TURİZM,TARİHİ KÜLTÜREL MEKANLAR,CEM SULTAN TÜRBESİ,"/src/assets/cemsultan.jpg","Fatih Sultan Mehmed’in küçük oğlu olan Cem Sultan, 1481 yılında babasının vefatı ile Bursa'da İmparatorluğunu ilan etmiş, 18 gün hükümdarlık yapmıştır. Adına para bastıran ve abisi II. Beyazid ile aralarında geçen taht kavgaları sonucu Avrupa'da uzun yıllar sürgün yaşayan Cem Sultan, 1495 yılında İtalya'da ölmüştür. 1499 yılında naaşı Bursa'ya getirilerek Muradiye semtindeki türbeye gömülmüştür. Türbenin duvarlarının alt kısmında üzerleri altın yaldızlı firuze ve lacivert çiniler, üst kısımlar kalem işi ile süslenmiştir.","{""type"":""Point"",""coordinates"":[29.046117816,40.191530596]}"
bursa_tarihimekanlar.48,KÜLTÜR - TURİZM,TARİHİ KÜLTÜREL MEKANLAR,TEZVEREN TÜRBESİ,"/src/assets/tezveren.jpg","Fatih Sultan Mehmet zamanında, lokman hekim olarak yaşadığına inanılan Tezveren Dede'nin türbesi, 1900'lü yılların başında bir aile tarafından yapılan evin içinde kalmış.","{""type"":""Point"",""coordinates"":[29.058033473,40.180159612]}"
bursa_tarihimekanlar.51,KÜLTÜR - TURİZM,TARİHİ KÜLTÜREL MEKANLAR,TARİHİ BELEDİYE BİNASI,"/src/assets/belediyeninasi.jpg","1867’de kurulan Bursa Belediyesi’nin Binası, 1880 yılında Ahmed Vefik Paşa’nın Vali, Hüseyin Hüsnü Efendi’nin Belediye Başkanı olduğu dönemde inşa edilmiştir. Türkiye’nin en eski Belediye binasıdır. Yapının mimarının Kütahyalı Şehbender olduğu çeşitli kaynaklarda belirtilmektedir.","{""type"":""Point"",""coordinates"":[29.065104154,40.184749626]}"
bursa_tarihimekanlar.52,KÜLTÜR - TURİZM,TARİHİ KÜLTÜREL MEKANLAR,TOPHANE SURLARI,"/src/assets/sur.jpg","Bursa Surları doğal kayalıklar üzerine Bursa’nın ilk kurucusu olan Bitinyalılar tarafından yapılmıştır.Osmanlı Dönemi'nde özellikle Timur saldırılarından sonra ve arkasında gelen Karamanoğlu Mehmet Bey’in kuşatması sonrası Hacı İvaz Paşa tarafından onarılarak güçlendirilmiştir. Surların toplam uzunluğu 3.38 kilometredir. Saltanat Kapısı, Yer Kapı, Fetih Kapısı (Su Kapısı), Zindan Kapı ve Kaplıca Kapısı olarak isimlendirilen beş kapısı; Tophane ve Çakır Hamam arasında toplam 14 burcu vardır.","{""type"":""Point"",""coordinates"":[29.058224435,40.186449907]}"
bursa_tarihimekanlar.55,KÜLTÜR - TURİZM,TARİHİ KÜLTÜREL MEKANLAR,OSMANGAZİ TÜRBESİ,"/src/assets/osmangaziturbesi.jpg","Osmanlı Devleti'nin kurucusu olan Osman Gazi 1258-1324 yılları arasında yaşamıştır. Osmangazi Bursa kuşatması sırasında, vasiyeti üzerine Bursa’nın fethinden sonra “Gümüşlü Kümbet“ olarak bilinen Sainte Elie adlı Bizans Manastırı'nın şapeli üzerine inşa edilen türbeye gömülmüştür. 1801 yılında yangınla 1855 depremi ile de tamamen yıkılan türbe Sultan Abdülaziz tarafından eski yapısına sadık kalınarak 1863 yılında bugünkü haline getirilmiştir.","{""type"":""Point"",""coordinates"":[29.057789987,40.187750716]}"
bursa_tarihimekanlar.58,KÜLTÜR - TURİZM,TARİHİ KÜLTÜREL MEKANLAR,2.MURAT TÜRBESİ,"/src/assets/2.murad.jpg","Muradiye Türbeleri'nin bulunduğu bahçede yer alan türbenin kapısı üzerinde bulunan kitabede II. Murad’ın 1451 yılında ölümü üzerine vasiyetine uygun olarak oğlu Fatih Sultan Mehmet tarafından yaptırıldığı yazmaktadır. Türbe iki sıra tuğla bir sıra moloz taş dizisi ile inşa edilmiştir. II. Murad’ın vasiyeti üzerine türbenin kubbesinin üzeri açık bırakılmış bu açıklığın altında bulunan mermer lahitin üzeri toprakla örtülmüştür. Türbede başka mezar bulunmamaktadır. II. Murad Türbesi'nin doğusunda bulunan pencere kapıya dönüştürülerek bu kısma yeni bir yapı ilave edilmiştir. Kubbeyle örtülü olan bu mekanda II. Murad’ın oğlu Alaaddin, Şehzade Ahmet, Orhan ve kızı Şehzade Hatun‘un sandukaları bulunmaktadır.","{""type"":""Point"",""coordinates"":[29.046560621,40.191525309]}"
bursa_tarihimekanlar.66,KÜLTÜR - TURİZM,TARİHİ KÜLTÜREL MEKANLAR,KOZA HAN,"/src/assets/kozahan.jpg","1491 yılında, II. Bayezid tarafından İstanbul'daki cami ve medresesine gelir sağlamak amacıyla yaptırılmıştır. Gazi Orhan Camii ile Ulu Camii arasındaki geniş bir alana kurulmuştur. Çoğunlukla kesme taş, yer yer tuğlanın da kullanıldığı han, iki katlı olup odalarının önü revaktır. Revak kısmı 40 beton kubbeden oluşmaktadır. Üst katta 50, alt katta 45 olmak üzere toplam 95 odası vardır. Üst katta bulunan odaların tamamı ipek ve ipek ürünleri satan dükkanlar olarak kullanılmaktadır. Üst katta güneye açılan bir kapısı ile alt katta Orhan Cami tarafına ve kuzeyinde kapalı çarşıya açılan kapıları vardır. Kuzeye açılan büyük taş kapısı firuze çinilerle süslüdür.","{""type"":""Point"",""coordinates"":[29.063880919,40.18531812]}"
bursa_tarihimekanlar.67,KÜLTÜR - TURİZM,TARİHİ KÜLTÜREL MEKANLAR,YEŞİL CAMİİ,"/src/assets/yesilcamii.jpg","Yeşil semtinde bulunan cami, 1419 yılında, Çelebi Sultan Mehmed tarafından yaptırılmıştır. “Ters T” planlı camilerden olan Yeşil Cami, Bursa’nın olduğu kadar ülkemizin de en güzel tarihsel yapılarından biridir. Caminin mimarı Hacı İvaz Paşa’dır. Yeşil Cami’nin girişindeki taç kapı, Türk taş oymacılığının güzel bir ürünüdür. Mukarnaslı yaşmağı olağanüstü güzelliktedir. Kapı kemerinde yeşil taş ve mermer kullanılmıştır. Taş kapının sağında ve solunda ikişer pencere, bunların arasında da birer dış mihrap vardır. Bunlarda da çok ince taş işçiliği görülür. Caminin tüm süslemeleri ünlü şair Lamii Çelebi’nin babası olan Nakkaş Ali tarafından yaptırılmıştır. Caminin büyük bölümü çini ile kaplıdır. İç duvarlar, tavanlar, mahviller ve geçiş eyvanlarının tümü çiniyle kaplıdır. Caminin çinileri Mecnun Mehmet adlı bir usta tarafından işlenmiştir.","{""type"":""Point"",""coordinates"":[29.075184847,40.183035819]}"
bursa_tarihimekanlar.69,KÜLTÜR - TURİZM,TARİHİ KÜLTÜREL MEKANLAR,KARAMUSTAFA KAPLICASI,"/src/assets/karamustafa.jpg","Kara Mustafa Kaplıcası Kükürtlü Mahallesinde, Yeni Kaplıca yanında yer almaktadır. 1490 yılında Hamza Beyin torunu Kara Mustafa Paşa tarafından yaptırılmıştır. Bir ev görünümü veren yapı soğukluk görevini üstlenmiş dikdörtgen planlı bir mekana bağlı iki küçük hücre ile yine buna bağlı dikdörtgen planlı koridordan geçilen bir sıcaklıktan oluşmuştur. Sıcaklık kısmının üzeri tonoz örtülüdür. Yekpare mermer şadırvanı ile havuzu ilginçtir.","{""type"":""Point"",""coordinates"":[29.038419056,40.200616932]}"
bursa_tarihimekanlar.71,KÜLTÜR - TURİZM,TARİHİ KÜLTÜREL MEKANLAR,KAPALIÇARŞI,"/src/assets/kapalicarsi1.jpg","Orhangazi zamanında hanların araları çatı ile kapatılarak kapalı çarşılar meydana getirilmeye başlanmış ve Kapalı Çarşı’nın ilk hali bu şekilde oluşmuştur. Daha sonraki yıllarda Sahaflar, Akatarlar, İvaz Paşa, Gelincik, Sipahiler, Karacabey (Yorgancılar, Sandıkçılar) eski bakırcılar çarşıları eklenerek Kapalı Çarşı'yı oluşturmuşlardır. 1958 yılında tamamen yanan çarşı yeniden inşa edilmiştir; ilk halinde olduğu gibi tek katlı olarak değil; alttan zemin kat, sokak seviyesinde ve yolların iki tarafında dükkanlar ve dükkanların üst katları olarak inşa edilmiştir. Çarşının üstü de modern bir şekilde kapatılmıştır. 1855 depreminde yıkıldıktan sonra üstü açık kalan İvaz Paşa ve Eski Bakırcılar Çarşıları da 1960 yılında restore edilerek üstleri kapatılmıştır.","{""type"":""Point"",""coordinates"":[29.062516443,40.185769971]}"
bursa_tarihimekanlar.72,KÜLTÜR - TURİZM,TARİHİ KÜLTÜREL MEKANLAR,ŞEHZADE MUSTAFA TÜRBESİ,"/src/assets/sehzademustafa.jpg","Muradiye’de, II. Murat ve Alaattin Türbesi'nin güneybatısında bulunmaktadır. Türbe II. Selim tarafından yaptırılmıştır. Türbe kapısının üzerindeki mermerde yer alan 0,15 x 0,30 metre boyutlarındaki iki satırlık kitabeden; Kanuni Sultan Süleyman’ın Konya Ovası'nda boğdurduğu oğlu Şehzade Mustafa için yaptırıldığı öğrenilmiştir.","{""type"":""Point"",""coordinates"":[29.046302702,40.191362353]}"
bursa_tarihimekanlar.76,KÜLTÜR - TURİZM,TARİHİ KÜLTÜREL MEKANLAR,ÇELİK PALAS HAMAMI,"/src/assets/celikpalas.jpg","Bursa'da turistlik kaplıca otel, Atatürk’ün girişimiyle gerçekleştirilmiştir. Dördüncü gezisi sırasında 29 Eylül 1925 gecesi, Mısır eski hıdivi Abbas Hilmi Paşa'nın konuğu olarak El-Mahrusa yatıyla Marmara’da bir gezinti yapan Mustafa Kemal Paşa eski hıdivin Bursa’da bir kaplıca-otel yaptırmak üzere şirket kurma isteğine olumlu yanıt verdi ve destek oldu. Bunun üzerine, 20 Şubat 1928’de Bursa Kaplıcaları Türk Anonim Şirketi kuruldu. Bugün aynı mekan içinde çeşitli tarihlerde yapılmış üç otelden oluşmaktadır.","{""type"":""Point"",""coordinates"":[29.03884737,40.197461342]}"